Date,Count,Average Order Value,Subtotal,Tax,Tip,Discounts,Partner Delivery Fee,Partner Processing Fee,Partner Owner.com Fee,Third Party Delivery Fee,Net Sales,Gross,Customer Delivery Fee,Customer Processing Fee,Customer Owner.com Fee,Third Party Tip,Adjustments
"Jan 01",3,"$43.22","$105.95","$8.74","$5.00","$0.00","$0.00","$0.00","$0.00","$0.00","$119.69","$129.66","$0.00","$4.67","$5.30","$0.00","$0.00"
"Jan 02",0,"$0.00","$0.00","$0.00","$0.00","$0.00","$0.00","$0.00","$0.00","$0.00","$0.00","$0.00","$0.00","$0.00","$0.00","$0.00","$0.00"
"Jan 03",4,"$66.06","$188.41","$15.55","$31.00","$0.00","$2.01","$0.00","$0.00","$7.00","$232.95","$264.24","$4.99","$8.86","$9.43","$6.00","$0.00"
"Jan 04",3,"$37.59","$87.94","$7.26","$0.00","$0.00","$2.01","$0.00","$0.00","$7.00","$93.19","$112.76","$4.99","$4.17","$4.40","$4.00","$0.00"
"Jan 05",2,"$38.16","$56.97","$4.70","$9.00","$0.00","$0.00","$0.00","$0.00","$0.00","$70.67","$76.33","$0.00","$2.81","$2.85","$0.00","$0.00"
"Jan 06",6,"$45.54","$211.85","$16.58","$25.00","$10.99","$2.01","$0.00","$0.00","$7.00","$240.43","$273.21","$4.99","$9.73","$10.05","$6.00","$0.00"
"Jan 07",8,"$50.56","$306.72","$25.32","$30.00","$0.00","$2.01","$0.00","$0.00","$7.00","$360.03","$404.52","$4.99","$14.14","$15.35","$8.00","$0.00"
"Jan 08",4,"$62.09","$188.92","$15.59","$26.00","$0.00","$0.00","$0.00","$0.00","$0.00","$230.51","$248.37","$0.00","$8.41","$9.45","$0.00","$0.00"
"Jan 09",0,"$0.00","$0.00","$0.00","$0.00","$0.00","$0.00","$0.00","$0.00","$0.00","$0.00","$0.00","$0.00","$0.00","$0.00","$0.00","$0.00"
"Jan 10",2,"$29.75","$46.96","$3.87","$4.00","$0.00","$0.00","$0.00","$0.00","$0.00","$54.83","$59.50","$0.00","$2.32","$2.35","$0.00","$0.00"
"Jan 11",1,"$20.18","$17.98","$1.19","$3.00","$3.60","$0.00","$0.00","$0.00","$0.00","$18.57","$20.18","$0.00","$0.89","$0.72","$0.00","$0.00"
"Jan 12",3,"$35.36","$76.91","$6.34","$8.00","$0.00","$2.01","$0.00","$0.00","$7.00","$89.24","$106.07","$4.99","$3.98","$3.85","$2.00","$0.00"
"Jan 13",8,"$44.52","$268.79","$22.17","$17.00","$0.00","$4.02","$0.00","$0.00","$14.00","$303.94","$356.12","$9.98","$12.73","$13.45","$12.00","$0.00"
"Jan 14",9,"$53.00","$415.72","$34.29","$43.00","$0.00","$4.02","$0.00","$0.00","$14.00","$408.31","$476.99","$9.98","$18.88","$20.80","$15.00","$-80.68"
"Jan 15",7,"$46.83","$244.79","$20.19","$22.00","$0.00","$4.02","$0.00","$0.00","$14.00","$282.96","$327.82","$9.98","$11.61","$12.25","$7.00","$0.00"
"Jan 16",0,"$0.00","$0.00","$0.00","$0.00","$0.00","$0.00","$0.00","$0.00","$0.00","$0.00","$0.00","$0.00","$0.00","$0.00","$0.00","$0.00"
"Jan 17",2,"$29.61","$44.95","$3.71","$0.00","$0.00","$2.01","$0.00","$0.00","$7.00","$46.65","$59.22","$4.99","$2.32","$2.25","$1.00","$0.00"
"Jan 18",1,"$46.22","$34.95","$2.88","$5.00","$0.00","$0.00","$0.00","$0.00","$0.00","$42.83","$46.22","$0.00","$1.64","$1.75","$0.00","$0.00"
"Jan 19",3,"$43.54","$105.91","$8.73","$6.00","$0.00","$0.00","$0.00","$0.00","$0.00","$120.64","$130.62","$0.00","$4.68","$5.30","$0.00","$0.00"
"Jan 20",7,"$57.05","$291.99","$24.09","$35.00","$0.00","$4.02","$0.00","$0.00","$14.00","$347.06","$399.34","$9.98","$13.67","$14.61","$10.00","$0.00"
"Jan 21",8,"$45.31","$269.82","$22.26","$39.00","$0.00","$2.01","$0.00","$0.00","$7.00","$329.07","$362.48","$4.99","$12.91","$13.50","$0.00","$0.00"
"Jan 22",5,"$44.10","$163.85","$12.94","$3.00","$6.99","$8.04","$0.00","$0.00","$28.00","$164.76","$220.50","$19.96","$7.89","$7.85","$12.00","$0.00"
"Jan 23",0,"$0.00","$0.00","$0.00","$0.00","$0.00","$0.00","$0.00","$0.00","$0.00","$0.00","$0.00","$0.00","$0.00","$0.00","$0.00","$0.00"
"Jan 24",2,"$30.70","$45.95","$3.79","$0.00","$0.00","$2.01","$0.00","$0.00","$7.00","$47.73","$61.41","$4.99","$2.38","$2.30","$2.00","$0.00"
"Jan 25",3,"$41.01","$87.93","$7.25","$7.00","$0.00","$2.01","$0.00","$0.00","$7.00","$100.17","$123.04","$4.99","$4.47","$4.40","$7.00","$0.00"
"Jan 26",4,"$35.66","$100.91","$8.33","$12.00","$0.00","$2.01","$0.00","$0.00","$7.00","$119.23","$142.62","$4.99","$5.34","$5.05","$6.00","$0.00"
"Jan 27",3,"$46.73","$107.93","$8.90","$4.00","$0.00","$2.01","$0.00","$0.00","$7.00","$118.82","$140.18","$4.99","$4.96","$5.40","$4.00","$0.00"
"Jan 28",8,"$33.46","$194.76","$16.06","$12.00","$0.00","$6.03","$0.00","$0.00","$21.00","$216.79","$267.70","$14.97","$10.17","$9.74","$10.00","$0.00"
"Jan 29",6,"$52.30","$240.98","$19.89","$21.00","$0.00","$2.01","$0.00","$0.00","$7.00","$279.86","$313.82","$4.99","$10.90","$12.06","$4.00","$0.00"
"Jan 30",0,"$0.00","$0.00","$0.00","$0.00","$0.00","$0.00","$0.00","$0.00","$0.00","$0.00","$0.00","$0.00","$0.00","$0.00","$0.00","$0.00"
"Jan 31",0,"$0.00","$0.00","$0.00","$0.00","$0.00","$0.00","$0.00","$0.00","$0.00","$0.00","$0.00","$0.00","$0.00","$0.00","$0.00","$0.00"
"Feb 01",0,"$0.00","$0.00","$0.00","$0.00","$0.00","$0.00","$0.00","$0.00","$0.00","$0.00","$0.00","$0.00","$0.00","$0.00","$0.00","$0.00"
"Feb 02",1,"$23.20","$16.98","$1.40","$3.00","$0.00","$0.00","$0.00","$0.00","$0.00","$21.38","$23.20","$0.00","$0.97","$0.85","$0.00","$0.00"
"Feb 03",11,"$36.10","$296.93","$24.51","$25.00","$0.00","$4.02","$0.00","$0.00","$14.00","$342.42","$397.08","$9.98","$14.80","$14.86","$11.00","$0.00"
"Feb 04",6,"$36.74","$162.42","$13.41","$18.32","$0.00","$2.01","$0.00","$0.00","$7.00","$192.14","$220.45","$4.99","$8.18","$8.13","$5.00","$0.00"
"Feb 05",10,"$33.46","$254.22","$20.98","$18.00","$0.00","$4.02","$0.00","$0.00","$14.00","$289.18","$334.60","$9.98","$12.70","$12.72","$6.00","$0.00"
"Feb 06",0,"$0.00","$0.00","$0.00","$0.00","$0.00","$0.00","$0.00","$0.00","$0.00","$0.00","$0.00","$0.00","$0.00","$0.00","$0.00","$0.00"
"Feb 07",3,"$55.23","$128.92","$10.63","$14.00","$0.00","$0.00","$0.00","$0.00","$0.00","$153.55","$165.70","$0.00","$5.70","$6.45","$0.00","$0.00"
"Feb 08",3,"$28.74","$66.95","$5.53","$7.00","$0.00","$0.00","$0.00","$0.00","$0.00","$79.48","$86.23","$0.00","$3.40","$3.35","$0.00","$0.00"
"Feb 09",9,"$47.33","$334.19","$27.25","$18.00","$4.00","$4.02","$0.00","$0.00","$14.00","$371.42","$425.99","$9.98","$15.06","$16.51","$9.00","$0.00"
"Feb 10",12,"$48.82","$453.74","$36.95","$22.00","$5.85","$8.04","$0.00","$0.00","$28.00","$498.80","$585.80","$19.96","$20.59","$22.41","$16.00","$0.00"
"Feb 11",11,"$37.38","$333.73","$27.52","$18.00","$0.00","$0.00","$0.00","$0.00","$0.00","$379.25","$411.18","$0.00","$15.23","$16.70","$0.00","$0.00"
"Feb 12",8,"$58.31","$358.76","$29.61","$44.20","$0.00","$0.00","$0.00","$0.00","$0.00","$432.57","$466.47","$0.00","$15.95","$17.95","$0.00","$0.00"
"Feb 13",0,"$0.00","$0.00","$0.00","$0.00","$0.00","$0.00","$0.00","$0.00","$0.00","$0.00","$0.00","$0.00","$0.00","$0.00","$0.00","$0.00"
"Feb 14",3,"$22.86","$50.93","$4.20","$8.00","$0.00","$0.00","$0.00","$0.00","$0.00","$63.13","$68.57","$0.00","$2.89","$2.55","$0.00","$0.00"
"Feb 15",2,"$46.07","$74.94","$6.18","$4.00","$0.00","$0.00","$0.00","$0.00","$0.00","$85.12","$92.14","$0.00","$3.27","$3.75","$0.00","$0.00"
"Feb 16",5,"$41.05","$204.80","$16.91","$9.00","$0.00","$4.02","$0.00","$0.00","$14.00","$167.77","$205.23","$9.98","$7.71","$7.75","$8.00","$-8.92"
"Feb 17",7,"$33.17","$178.88","$13.65","$15.00","$13.39","$6.03","$0.00","$0.00","$21.00","$188.11","$232.22","$14.97","$8.83","$8.28","$6.00","$0.00"
"Feb 18",4,"$30.63","$100.93","$8.00","$8.00","$4.00","$0.00","$0.00","$0.00","$0.00","$112.93","$122.53","$0.00","$4.75","$4.85","$0.00","$0.00"
"Feb 19",6,"$38.60","$174.89","$14.44","$16.00","$0.00","$2.01","$0.00","$0.00","$7.00","$203.32","$231.58","$4.99","$8.51","$8.75","$4.00","$0.00"
"Feb 20",0,"$0.00","$0.00","$0.00","$0.00","$0.00","$0.00","$0.00","$0.00","$0.00","$0.00","$0.00","$0.00","$0.00","$0.00","$0.00","$0.00"
"Feb 21",1,"$17.80","$14.99","$1.24","$0.00","$0.00","$0.00","$0.00","$0.00","$0.00","$16.23","$17.80","$0.00","$0.82","$0.75","$0.00","$0.00"
"Feb 22",2,"$25.00","$56.97","$4.70","$7.37","$0.00","$0.00","$0.00","$0.00","$0.00","$44.38","$50.00","$0.00","$2.77","$2.85","$0.00","$-24.66"
"Feb 23",7,"$32.81","$169.44","$13.98","$10.00","$0.00","$4.02","$0.00","$0.00","$14.00","$189.40","$229.64","$9.98","$8.76","$8.48","$9.00","$0.00"
"Feb 24",10,"$50.11","$384.18","$31.70","$20.49","$0.00","$6.03","$0.00","$0.00","$21.00","$430.34","$501.09","$14.97","$17.53","$19.22","$13.00","$0.00"
"Feb 25",11,"$53.73","$459.72","$37.92","$27.00","$0.00","$4.02","$0.00","$0.00","$14.00","$520.62","$591.06","$9.98","$20.44","$23.00","$13.00","$0.00"
"Feb 26",4,"$48.46","$144.90","$11.49","$16.22","$5.55","$2.01","$0.00","$0.00","$7.00","$165.05","$193.84","$4.99","$6.82","$6.97","$8.00","$0.00"
"Feb 27",0,"$0.00","$0.00","$0.00","$0.00","$0.00","$0.00","$0.00","$0.00","$0.00","$0.00","$0.00","$0.00","$0.00","$0.00","$0.00","$0.00"
"Feb 28",1,"$0.00","$43.98","$3.63","$0.00","$0.00","$0.00","$0.00","$0.00","$0.00","$-4.00","$0.00","$0.00","$1.80","$2.20","$0.00","$-51.61"
"Mar 01",7,"$37.31","$207.02","$17.08","$17.00","$0.00","$0.00","$0.00","$0.00","$0.00","$241.10","$261.14","$0.00","$9.68","$10.36","$0.00","$0.00"
"Mar 02",5,"$46.07","$182.05","$15.03","$5.00","$0.00","$2.01","$0.00","$0.00","$7.00","$200.07","$230.36","$4.99","$8.18","$9.11","$6.00","$0.00"
"Mar 03",8,"$37.42","$229.79","$18.96","$20.00","$0.00","$2.01","$0.00","$0.00","$7.00","$266.74","$299.32","$4.99","$11.08","$11.50","$3.00","$0.00"
"Mar 04",10,"$56.74","$427.26","$34.68","$35.00","$7.00","$6.03","$0.00","$0.00","$21.00","$483.91","$567.39","$14.97","$19.45","$21.03","$22.00","$0.00"
"Mar 05",7,"$37.00","$199.89","$16.50","$11.00","$0.00","$2.01","$0.00","$0.00","$7.00","$225.38","$258.98","$4.99","$9.60","$10.00","$7.00","$0.00"
"Mar 06",0,"$0.00","$0.00","$0.00","$0.00","$0.00","$0.00","$0.00","$0.00","$0.00","$0.00","$0.00","$0.00","$0.00","$0.00","$0.00","$0.00"
"Mar 07",1,"$20.12","$16.99","$1.40","$0.00","$0.00","$0.00","$0.00","$0.00","$0.00","$18.39","$20.12","$0.00","$0.88","$0.85","$0.00","$0.00"
"Mar 08",5,"$47.69","$186.35","$15.38","$9.00","$0.00","$2.01","$0.00","$0.00","$7.00","$208.72","$238.46","$4.99","$8.42","$9.32","$5.00","$0.00"
"Mar 09",4,"$42.43","$133.86","$11.04","$2.00","$0.00","$2.01","$0.00","$0.00","$7.00","$144.89","$169.71","$4.99","$6.12","$6.70","$5.00","$0.00"
"Mar 10",9,"$41.11","$277.81","$22.92","$22.00","$0.00","$4.02","$0.00","$0.00","$14.00","$318.71","$370.03","$9.98","$13.42","$13.90","$10.00","$0.00"
"Mar 11",8,"$46.06","$295.78","$24.40","$28.00","$0.00","$4.02","$0.00","$0.00","$14.00","$309.57","$368.44","$9.98","$14.07","$14.80","$16.00","$-34.59"
"Mar 12",10,"$43.94","$352.81","$28.67","$23.00","$5.25","$2.01","$0.00","$0.00","$7.00","$397.22","$439.35","$4.99","$15.74","$17.39","$2.00","$0.00"
"Mar 13",0,"$0.00","$0.00","$0.00","$0.00","$0.00","$0.00","$0.00","$0.00","$0.00","$0.00","$0.00","$0.00","$0.00","$0.00","$0.00","$0.00"
"Mar 14",6,"$38.04","$180.85","$14.93","$15.00","$0.00","$0.00","$0.00","$0.00","$0.00","$210.78","$228.25","$0.00","$8.42","$9.05","$0.00","$0.00"
"Mar 15",6,"$52.14","$239.28","$19.75","$13.00","$0.00","$2.01","$0.00","$0.00","$7.00","$270.02","$312.87","$4.99","$10.88","$11.97","$13.00","$0.00"
"Mar 16",5,"$45.31","$165.88","$13.69","$20.60","$0.00","$2.01","$0.00","$0.00","$7.00","$198.16","$226.53","$4.99","$8.07","$8.30","$5.00","$0.00"
"Mar 17",5,"$51.39","$197.80","$15.74","$8.00","$7.04","$4.02","$0.00","$0.00","$14.00","$210.48","$256.97","$9.98","$8.95","$9.54","$14.00","$0.00"
"Mar 18",15,"$58.18","$693.52","$56.91","$40.00","$4.00","$4.02","$0.00","$0.00","$14.00","$782.41","$872.71","$9.98","$29.80","$34.50","$12.00","$0.00"
"Mar 19",5,"$49.97","$194.33","$16.04","$21.00","$0.00","$0.00","$0.00","$0.00","$0.00","$231.37","$249.85","$0.00","$8.76","$9.72","$0.00","$0.00"
"Mar 20",0,"$0.00","$0.00","$0.00","$0.00","$0.00","$0.00","$0.00","$0.00","$0.00","$0.00","$0.00","$0.00","$0.00","$0.00","$0.00","$0.00"
"Mar 21",5,"$43.33","$165.88","$13.68","$12.00","$0.00","$2.01","$0.00","$0.00","$7.00","$189.55","$216.63","$4.99","$7.78","$8.30","$4.00","$0.00"
"Mar 22",3,"$22.71","$54.95","$4.54","$3.00","$0.00","$0.00","$0.00","$0.00","$0.00","$62.49","$68.12","$0.00","$2.88","$2.75","$0.00","$0.00"
"Mar 23",2,"$45.39","$64.95","$5.36","$3.00","$0.00","$2.01","$0.00","$0.00","$7.00","$71.30","$90.78","$4.99","$3.23","$3.25","$6.00","$0.00"
"Mar 24",7,"$37.95","$203.83","$16.45","$30.00","$4.40","$0.00","$0.00","$0.00","$0.00","$245.88","$265.66","$0.00","$9.80","$9.98","$0.00","$0.00"
"Mar 25",7,"$43.21","$276.79","$22.84","$9.00","$0.00","$4.02","$0.00","$0.00","$14.00","$246.02","$302.45","$9.98","$12.58","$13.85","$16.00","$-58.59"
"Mar 26",8,"$34.40","$203.83","$16.81","$14.00","$0.00","$4.02","$0.00","$0.00","$14.00","$230.62","$275.19","$9.98","$10.37","$10.20","$10.00","$0.00"
"Mar 27",0,"$0.00","$0.00","$0.00","$0.00","$0.00","$0.00","$0.00","$0.00","$0.00","$0.00","$0.00","$0.00","$0.00","$0.00","$0.00","$0.00"
"Mar 28",2,"$48.54","$65.93","$5.44","$7.00","$0.00","$2.01","$0.00","$0.00","$7.00","$76.36","$97.08","$4.99","$3.42","$3.30","$7.00","$0.00"
"Mar 29",3,"$41.80","$97.91","$8.08","$1.00","$0.00","$2.01","$0.00","$0.00","$7.00","$104.98","$125.41","$4.99","$4.53","$4.90","$4.00","$0.00"
"Mar 30",5,"$37.33","$131.85","$10.88","$11.00","$0.00","$0.00","$0.88","$0.00","$0.00","$172.84","$186.65","$0.00","$6.33","$6.60","$0.00","$19.99"
"Mar 31",14,"$44.85","$481.65","$39.74","$50.00","$0.00","$2.01","$0.00","$0.00","$7.00","$569.38","$627.90","$4.99","$22.42","$24.10","$5.00","$0.00"
"Apr 01",5,"$41.34","$160.90","$13.28","$8.00","$0.00","$2.01","$0.00","$0.00","$7.00","$180.17","$206.72","$4.99","$7.50","$8.05","$4.00","$0.00"
"Apr 02",7,"$30.93","$199.80","$16.49","$12.00","$0.00","$2.01","$0.00","$0.00","$7.00","$179.75","$216.48","$4.99","$9.73","$10.00","$10.00","$-46.53"
"Apr 03",0,"$0.00","$0.00","$0.00","$0.00","$0.00","$0.00","$0.00","$0.00","$0.00","$0.00","$0.00","$0.00","$0.00","$0.00","$0.00","$0.00"
"Apr 04",1,"$41.11","$34.98","$2.89","$0.00","$0.00","$0.00","$0.00","$0.00","$0.00","$37.87","$41.11","$0.00","$1.49","$1.75","$0.00","$0.00"
"Apr 05",4,"$37.88","$135.90","$10.49","$2.00","$8.80","$0.00","$0.00","$0.00","$0.00","$139.59","$151.54","$0.00","$5.59","$6.36","$0.00","$0.00"
"Apr 06",8,"$48.22","$302.78","$24.21","$32.00","$9.45","$2.01","$0.00","$0.00","$7.00","$347.53","$385.80","$4.99","$13.59","$14.68","$3.00","$0.00"
"Apr 07",4,"$33.86","$108.86","$8.99","$7.00","$0.00","$0.00","$0.00","$0.00","$0.00","$124.85","$135.43","$0.00","$5.13","$5.45","$0.00","$0.00"
"Apr 08",9,"$38.69","$268.78","$22.17","$22.00","$0.00","$2.01","$0.00","$0.00","$7.00","$310.94","$348.19","$4.99","$12.80","$13.45","$4.00","$0.00"
"Apr 09",8,"$42.06","$275.77","$22.76","$12.00","$0.00","$0.00","$0.00","$0.00","$0.00","$310.53","$336.48","$0.00","$12.15","$13.80","$0.00","$0.00"
"Apr 10",0,"$0.00","$0.00","$0.00","$0.00","$0.00","$0.00","$0.00","$0.00","$0.00","$0.00","$0.00","$0.00","$0.00","$0.00","$0.00","$0.00"
"Apr 11",5,"$53.63","$211.82","$17.48","$3.00","$0.00","$2.01","$0.00","$0.00","$7.00","$230.29","$268.16","$4.99","$9.27","$10.60","$11.00","$0.00"
"Apr 12",11,"$41.50","$366.74","$29.30","$10.00","$11.84","$6.03","$0.00","$0.00","$21.00","$388.17","$456.46","$14.97","$16.53","$17.76","$13.00","$0.00"
"Apr 13",5,"$28.34","$162.84","$13.43","$4.00","$0.00","$0.00","$0.00","$0.00","$0.00","$126.40","$141.72","$0.00","$7.17","$8.15","$0.00","$-53.87"
"Apr 14",6,"$33.75","$165.88","$13.03","$16.00","$7.99","$0.00","$0.00","$0.00","$0.00","$186.92","$202.49","$0.00","$7.67","$7.90","$0.00","$0.00"
"Apr 15",11,"$37.26","$322.01","$26.56","$23.00","$0.00","$2.01","$0.00","$0.00","$7.00","$369.56","$409.86","$4.99","$15.19","$16.11","$2.00","$0.00"
"Apr 16",7,"$43.12","$249.85","$20.61","$8.00","$0.00","$0.00","$0.00","$0.00","$0.00","$278.46","$301.81","$0.00","$10.85","$12.50","$0.00","$0.00"
"Apr 17",0,"$0.00","$0.00","$0.00","$0.00","$0.00","$0.00","$0.00","$0.00","$0.00","$0.00","$0.00","$0.00","$0.00","$0.00","$0.00","$0.00"
"Apr 18",3,"$66.70","$164.88","$12.99","$15.00","$7.35","$0.00","$0.00","$0.00","$0.00","$185.52","$200.11","$0.00","$6.71","$7.88","$0.00","$0.00"
"Apr 19",9,"$33.61","$238.76","$19.46","$16.00","$3.00","$2.01","$0.00","$0.00","$7.00","$269.21","$302.48","$4.99","$11.47","$11.80","$3.00","$0.00"
"Apr 20",0,"$0.00","$0.00","$0.00","$0.00","$0.00","$0.00","$0.00","$0.00","$0.00","$0.00","$0.00","$0.00","$0.00","$0.00","$0.00","$0.00"
"Apr 21",10,"$36.16","$277.36","$22.88","$26.00","$0.00","$2.01","$0.00","$0.00","$7.00","$324.23","$361.58","$4.99","$13.47","$13.88","$3.00","$0.00"
"Apr 22",7,"$52.72","$279.24","$23.05","$10.00","$0.00","$4.02","$0.00","$0.00","$14.00","$308.27","$369.04","$9.98","$12.80","$13.97","$20.00","$0.00"
"Apr 23",8,"$48.93","$316.75","$25.49","$13.00","$7.99","$2.01","$0.00","$0.00","$7.00","$345.24","$391.45","$4.99","$13.76","$15.45","$10.00","$0.00"
"Apr 24",0,"$0.00","$0.00","$0.00","$0.00","$0.00","$0.00","$0.00","$0.00","$0.00","$0.00","$0.00","$0.00","$0.00","$0.00","$0.00","$0.00"
"Apr 25",0,"$0.00","$0.00","$0.00","$0.00","$0.00","$0.00","$0.00","$0.00","$0.00","$0.00","$0.00","$0.00","$0.00","$0.00","$0.00","$0.00"
"Apr 26",2,"$43.82","$71.96","$5.94","$3.00","$0.00","$0.00","$0.00","$0.00","$0.00","$80.90","$87.64","$0.00","$3.14","$3.60","$0.00","$0.00"
"Apr 27",3,"$34.38","$77.93","$6.43","$3.00","$0.00","$2.01","$0.00","$0.00","$7.00","$85.35","$103.14","$4.99","$3.89","$3.90","$3.00","$0.00"
"Apr 28",8,"$48.26","$295.36","$24.37","$25.00","$0.00","$2.01","$0.00","$0.00","$7.00","$342.72","$386.10","$4.99","$13.60","$14.78","$8.00","$0.00"
"Apr 29",6,"$39.07","$180.86","$14.92","$16.00","$0.00","$2.01","$0.00","$0.00","$7.00","$209.77","$234.41","$4.99","$8.59","$9.05","$0.00","$0.00"
"Apr 30",11,"$39.87","$338.71","$27.95","$29.00","$0.00","$4.02","$0.00","$0.00","$14.00","$391.64","$438.61","$9.98","$16.02","$16.95","$0.00","$0.00"
"May 01",0,"$0.00","$0.00","$0.00","$0.00","$0.00","$0.00","$0.00","$0.00","$0.00","$0.00","$0.00","$0.00","$0.00","$0.00","$0.00","$0.00"
"May 02",5,"$49.82","$200.78","$16.57","$8.00","$0.00","$2.01","$0.00","$0.00","$7.00","$223.34","$249.11","$4.99","$8.73","$10.04","$0.00","$0.00"
"May 03",2,"$46.05","$66.96","$5.52","$13.00","$0.00","$0.00","$0.00","$0.00","$0.00","$85.48","$92.10","$0.00","$3.27","$3.35","$0.00","$0.00"
"May 04",4,"$37.30","$118.93","$9.81","$4.00","$0.00","$2.01","$0.00","$0.00","$7.00","$130.73","$149.21","$4.99","$5.53","$5.95","$0.00","$0.00"
"May 05",4,"$33.40","$109.93","$9.07","$4.00","$0.00","$0.00","$0.00","$0.00","$0.00","$123.00","$133.58","$0.00","$5.08","$5.50","$0.00","$0.00"
"May 06",10,"$34.33","$260.80","$21.52","$25.00","$0.00","$4.02","$0.00","$0.00","$14.00","$303.30","$343.29","$9.98","$12.94","$13.05","$0.00","$0.00"
"May 07",9,"$44.57","$309.73","$25.57","$21.00","$0.00","$6.03","$0.00","$0.00","$21.00","$350.27","$401.11","$14.97","$14.34","$15.50","$0.00","$0.00"
"May 08",0,"$0.00","$0.00","$0.00","$0.00","$0.00","$0.00","$0.00","$0.00","$0.00","$0.00","$0.00","$0.00","$0.00","$0.00","$0.00","$0.00"
"May 09",3,"$33.03","$70.93","$5.85","$5.00","$0.00","$2.01","$0.00","$0.00","$7.00","$79.77","$99.09","$4.99","$3.77","$3.55","$5.00","$0.00"
"May 10",3,"$62.78","$156.88","$12.94","$4.30","$0.00","$0.00","$0.00","$0.00","$0.00","$174.12","$188.33","$0.00","$6.36","$7.85","$0.00","$0.00"
"May 11",5,"$34.10","$136.92","$11.30","$9.00","$0.00","$0.00","$0.00","$0.00","$0.00","$157.22","$170.52","$0.00","$6.45","$6.85","$0.00","$0.00"
"May 12",16,"$44.56","$550.50","$45.44","$35.00","$0.00","$6.03","$0.00","$0.00","$21.00","$624.91","$712.93","$14.97","$25.47","$27.55","$14.00","$0.00"
"May 13",10,"$39.07","$313.79","$25.88","$12.00","$0.00","$2.01","$0.00","$0.00","$7.00","$349.66","$390.69","$4.99","$14.33","$15.70","$4.00","$0.00"
"May 14",8,"$42.26","$265.71","$21.92","$9.00","$0.00","$4.02","$0.00","$0.00","$14.00","$292.61","$338.12","$9.98","$12.21","$13.30","$6.00","$0.00"
"May 15",0,"$0.00","$0.00","$0.00","$0.00","$0.00","$0.00","$0.00","$0.00","$0.00","$0.00","$0.00","$0.00","$0.00","$0.00","$0.00","$0.00"
"May 16",2,"$25.30","$41.98","$3.46","$1.00","$0.00","$0.00","$0.00","$0.00","$0.00","$46.44","$50.61","$0.00","$2.07","$2.10","$0.00","$0.00"
"May 17",5,"$34.63","$142.90","$11.56","$8.00","$2.85","$0.00","$0.00","$0.00","$0.00","$159.61","$173.14","$0.00","$6.52","$7.01","$0.00","$0.00"
"May 18",6,"$33.86","$164.88","$13.00","$10.00","$7.30","$2.01","$0.00","$0.00","$7.00","$178.57","$203.14","$4.99","$7.69","$7.88","$2.00","$0.00"
"May 19",4,"$25.43","$140.33","$11.58","$8.00","$0.00","$0.00","$0.00","$0.00","$0.00","$91.54","$101.73","$0.00","$6.22","$3.97","$0.00","$-71.42"
"May 20",4,"$49.20","$165.91","$13.68","$2.00","$0.00","$0.00","$0.00","$0.00","$0.00","$181.59","$196.80","$0.00","$6.91","$8.30","$0.00","$0.00"
"May 21",5,"$35.38","$138.87","$11.46","$4.00","$0.00","$2.01","$0.00","$0.00","$7.00","$152.32","$176.90","$4.99","$6.63","$6.95","$4.00","$0.00"
"May 22",0,"$0.00","$0.00","$0.00","$0.00","$0.00","$0.00","$0.00","$0.00","$0.00","$0.00","$0.00","$0.00","$0.00","$0.00","$0.00","$0.00"
"May 23",1,"$39.93","$39.97","$2.80","$0.00","$6.00","$0.00","$0.00","$0.00","$0.00","$36.77","$39.93","$0.00","$1.46","$1.70","$0.00","$0.00"
"May 24",2,"$39.42","$52.95","$4.37","$6.00","$0.00","$2.01","$0.00","$0.00","$7.00","$61.31","$78.85","$4.99","$2.89","$2.65","$5.00","$0.00"
"May 25",5,"$25.15","$148.93","$12.03","$0.00","$3.15","$2.01","$0.00","$0.00","$7.00","$100.69","$125.73","$4.99","$6.75","$7.29","$4.00","$-55.11"
"May 26",7,"$62.34","$349.66","$28.85","$9.63","$0.00","$4.02","$0.00","$0.00","$14.00","$384.12","$436.36","$9.98","$14.75","$17.49","$6.00","$0.00"
"May 27",5,"$44.61","$182.84","$15.09","$8.00","$0.00","$0.00","$0.00","$0.00","$0.00","$205.93","$223.05","$0.00","$7.97","$9.15","$0.00","$0.00"
"May 28",6,"$47.22","$227.87","$18.09","$25.00","$8.60","$0.00","$0.00","$0.00","$0.00","$262.36","$283.35","$0.00","$10.02","$10.97","$0.00","$0.00"
"May 29",0,"$0.00","$0.00","$0.00","$0.00","$0.00","$0.00","$0.00","$0.00","$0.00","$0.00","$0.00","$0.00","$0.00","$0.00","$0.00","$0.00"
"May 30",4,"$38.20","$129.92","$10.73","$0.00","$0.00","$0.00","$0.00","$0.00","$0.00","$140.65","$152.79","$0.00","$5.64","$6.50","$0.00","$0.00"
"May 31",6,"$38.86","$178.89","$14.76","$13.00","$0.00","$2.01","$0.00","$0.00","$7.00","$204.64","$233.15","$4.99","$8.56","$8.95","$4.00","$0.00"
"Jun 01",4,"$76.83","$251.83","$20.77","$12.00","$0.00","$0.00","$0.00","$0.00","$0.00","$284.60","$307.31","$0.00","$10.11","$12.60","$0.00","$0.00"
"Jun 02",15,"$44.16","$518.50","$42.16","$38.00","$7.60","$4.02","$0.00","$0.00","$14.00","$587.04","$662.33","$9.98","$23.72","$25.57","$12.00","$0.00"
"Jun 03",12,"$39.80","$373.67","$30.16","$29.00","$8.00","$4.02","$0.00","$0.00","$14.00","$420.81","$477.56","$9.98","$17.45","$18.30","$7.00","$0.00"
"Jun 04",6,"$42.37","$204.87","$16.91","$13.00","$0.00","$0.00","$0.00","$0.00","$0.00","$234.78","$254.21","$0.00","$9.18","$10.25","$0.00","$0.00"
"Jun 05",1,"$24.38","$17.99","$1.48","$3.00","$0.00","$0.00","$0.00","$0.00","$0.00","$22.47","$24.38","$0.00","$1.01","$0.90","$0.00","$0.00"
"Jun 06",6,"$29.04","$154.88","$12.13","$1.00","$7.99","$0.00","$0.00","$0.00","$0.00","$160.02","$174.23","$0.00","$6.86","$7.35","$0.00","$0.00"
"Jun 07",4,"$48.18","$154.89","$12.78","$10.50","$0.00","$0.00","$0.00","$0.00","$0.00","$178.17","$192.71","$0.00","$6.79","$7.75","$0.00","$0.00"
"Jun 08",2,"$33.98","$62.95","$4.76","$0.00","$5.20","$0.00","$0.00","$0.00","$0.00","$62.51","$67.97","$0.00","$2.57","$2.89","$0.00","$0.00"
"Jun 09",5,"$52.07","$191.89","$15.84","$12.00","$0.00","$4.02","$0.00","$0.00","$14.00","$215.71","$260.37","$9.98","$9.06","$9.60","$12.00","$0.00"
"Jun 10",8,"$41.45","$277.82","$22.28","$9.00","$7.99","$2.01","$0.00","$0.00","$7.00","$299.10","$331.63","$4.99","$12.03","$13.50","$0.00","$0.00"
"Jun 11",10,"$41.04","$332.82","$27.46","$9.57","$0.00","$2.01","$0.00","$0.00","$7.00","$367.84","$410.40","$4.99","$14.91","$16.65","$4.00","$0.00"
"Jun 12",0,"$0.00","$0.00","$0.00","$0.00","$0.00","$0.00","$0.00","$0.00","$0.00","$0.00","$0.00","$0.00","$0.00","$0.00","$0.00","$0.00"
"Jun 13",2,"$51.44","$77.95","$6.43","$11.00","$0.00","$0.00","$0.00","$0.00","$0.00","$95.38","$102.87","$0.00","$3.59","$3.90","$0.00","$0.00"
"Jun 14",5,"$64.03","$259.74","$20.42","$29.00","$12.19","$0.00","$0.00","$0.00","$0.00","$296.97","$320.15","$0.00","$10.79","$12.39","$0.00","$0.00"
"Jun 15",1,"$24.79","$20.99","$1.73","$0.00","$0.00","$0.00","$0.00","$0.00","$0.00","$22.72","$24.79","$0.00","$1.02","$1.05","$0.00","$0.00"
"Jun 16",9,"$36.50","$259.80","$21.44","$22.00","$0.00","$0.00","$0.00","$0.00","$0.00","$303.24","$328.48","$0.00","$12.24","$13.00","$0.00","$0.00"
"Jun 17",6,"$60.85","$278.75","$23.01","$27.00","$0.00","$2.01","$0.00","$0.00","$7.00","$326.75","$365.09","$4.99","$12.39","$13.95","$5.00","$0.00"
"Jun 18",4,"$61.96","$192.87","$15.91","$21.00","$0.00","$0.00","$0.00","$0.00","$0.00","$229.78","$247.82","$0.00","$8.39","$9.65","$0.00","$0.00"
"Jun 19",0,"$0.00","$0.00","$0.00","$0.00","$0.00","$0.00","$0.00","$0.00","$0.00","$0.00","$0.00","$0.00","$0.00","$0.00","$0.00","$0.00"
"Jun 20",7,"$37.80","$206.83","$16.81","$8.00","$2.99","$4.02","$0.00","$0.00","$14.00","$224.63","$264.61","$9.98","$9.78","$10.20","$6.00","$0.00"
"Jun 21",3,"$41.60","$100.91","$8.33","$6.00","$0.00","$0.00","$0.00","$0.00","$0.00","$115.24","$124.81","$0.00","$4.52","$5.05","$0.00","$0.00"
"Jun 22",7,"$46.91","$240.82","$19.88","$24.00","$0.00","$4.02","$0.00","$0.00","$14.00","$280.68","$328.35","$9.98","$11.62","$12.05","$10.00","$0.00"
"Jun 23",13,"$38.30","$403.68","$32.09","$16.00","$14.65","$6.03","$0.00","$0.00","$21.00","$431.09","$497.89","$14.97","$18.34","$19.46","$8.00","$0.00"
"Jun 24",10,"$44.96","$330.76","$27.30","$20.00","$0.00","$8.04","$0.00","$0.00","$28.00","$370.02","$449.61","$19.96","$16.04","$16.55","$19.00","$0.00"
"Jun 25",11,"$46.99","$419.74","$33.55","$31.00","$13.03","$2.01","$0.00","$0.00","$7.00","$469.25","$516.90","$4.99","$18.30","$20.35","$2.00","$0.00"
"Jun 26",0,"$0.00","$0.00","$0.00","$0.00","$0.00","$0.00","$0.00","$0.00","$0.00","$0.00","$0.00","$0.00","$0.00","$0.00","$0.00","$0.00"
"Jun 27",10,"$44.77","$378.77","$30.28","$16.00","$11.70","$0.00","$0.00","$0.00","$0.00","$413.35","$447.71","$0.00","$15.99","$18.37","$0.00","$0.00"
"Jun 28",5,"$46.96","$185.87","$15.34","$16.00","$0.00","$0.00","$0.00","$0.00","$0.00","$217.21","$234.82","$0.00","$8.31","$9.30","$0.00","$0.00"
"Jun 29",8,"$53.33","$346.79","$28.33","$18.00","$3.40","$2.01","$0.00","$0.00","$7.00","$387.71","$426.66","$4.99","$14.77","$17.18","$0.00","$0.00"
"Jun 30",20,"$44.90","$696.50","$57.26","$62.50","$2.70","$4.02","$0.00","$0.00","$14.00","$809.54","$897.98","$9.98","$32.06","$34.71","$7.67","$0.00"
"Jul 01",10,"$65.52","$518.52","$42.77","$46.00","$0.00","$0.00","$0.00","$0.00","$0.00","$607.29","$655.24","$0.00","$22.01","$25.94","$0.00","$0.00"
"Jul 02",10,"$51.37","$385.73","$31.84","$31.00","$0.00","$4.02","$0.00","$0.00","$14.00","$444.55","$513.74","$9.98","$17.89","$19.30","$18.00","$0.00"
"Jul 03",0,"$0.00","$0.00","$0.00","$0.00","$0.00","$0.00","$0.00","$0.00","$0.00","$0.00","$0.00","$0.00","$0.00","$0.00","$0.00","$0.00"
"Jul 04",7,"$36.26","$204.85","$16.27","$8.00","$7.65","$2.01","$0.00","$0.00","$7.00","$219.46","$253.79","$4.99","$9.46","$9.87","$8.00","$0.00"
"Jul 05",7,"$41.90","$232.83","$19.21","$19.00","$0.00","$0.00","$0.00","$0.00","$0.00","$271.04","$293.31","$0.00","$10.62","$11.65","$0.00","$0.00"
"Jul 06",2,"$60.34","$103.94","$8.05","$6.00","$6.30","$0.00","$0.00","$0.00","$0.00","$111.69","$120.67","$0.00","$4.10","$4.88","$0.00","$0.00"
"Jul 07",17,"$51.74","$713.43","$57.60","$48.80","$15.43","$2.01","$0.00","$0.00","$7.00","$802.39","$879.64","$4.99","$30.32","$34.93","$5.00","$0.00"
"Jul 08",10,"$44.50","$372.73","$29.12","$26.00","$19.78","$5.85","$0.00","$0.00","$19.35","$390.13","$444.99","$13.50","$16.26","$17.25","$2.00","$-12.50"
"Jul 09",10,"$36.53","$291.79","$23.83","$20.00","$2.85","$1.95","$0.00","$0.00","$6.45","$330.82","$365.33","$4.50","$13.60","$14.46","$0.00","$0.00"
"Jul 10",0,"$0.00","$0.00","$0.00","$0.00","$0.00","$0.00","$0.00","$0.00","$0.00","$0.00","$0.00","$0.00","$0.00","$0.00","$0.00","$0.00"
"Jul 11",2,"$32.00","$45.97","$3.79","$5.00","$0.00","$1.95","$0.00","$0.00","$6.45","$52.81","$64.01","$4.50","$2.45","$2.30","$0.00","$0.00"
"Jul 12",0,"$0.00","$0.00","$0.00","$0.00","$0.00","$0.00","$0.00","$0.00","$0.00","$0.00","$0.00","$0.00","$0.00","$0.00","$0.00","$0.00"
"Jul 13",2,"$30.66","$44.93","$3.70","$0.00","$0.00","$1.95","$0.00","$0.00","$7.00","$46.68","$61.31","$5.05","$2.38","$2.25","$3.00","$0.00"
"Jul 14",16,"$44.31","$571.57","$46.37","$34.00","$9.60","$3.90","$0.00","$0.00","$14.00","$638.44","$708.93","$10.10","$25.37","$28.12","$3.00","$0.00"
"Jul 15",18,"$47.64","$678.54","$55.46","$42.00","$6.45","$3.90","$0.00","$0.00","$14.00","$765.65","$857.55","$10.10","$30.27","$33.63","$14.00","$0.00"
"Jul 16",6,"$47.86","$242.79","$20.05","$2.00","$0.00","$0.00","$0.00","$0.00","$0.00","$264.84","$287.13","$0.00","$10.14","$12.15","$0.00","$0.00"
"Jul 17",0,"$0.00","$0.00","$0.00","$0.00","$0.00","$0.00","$0.00","$0.00","$0.00","$0.00","$0.00","$0.00","$0.00","$0.00","$0.00","$0.00"
"Jul 18",1,"$25.95","$21.99","$1.81","$0.00","$0.00","$0.00","$0.00","$0.00","$0.00","$23.80","$25.95","$0.00","$1.05","$1.10","$0.00","$0.00"
"Jul 19",3,"$27.76","$67.96","$5.60","$3.00","$0.00","$0.00","$0.00","$0.00","$0.00","$76.56","$83.28","$0.00","$3.32","$3.40","$0.00","$0.00"
"Jul 20",2,"$23.62","$39.97","$3.29","$0.00","$0.00","$0.00","$0.00","$0.00","$0.00","$43.26","$47.23","$0.00","$1.97","$2.00","$0.00","$0.00"
"Jul 21",10,"$34.76","$272.80","$21.81","$13.00","$8.40","$3.90","$0.00","$0.00","$14.00","$295.31","$347.62","$10.10","$13.08","$13.23","$12.00","$0.00"
"Jul 22",12,"$47.44","$453.77","$36.95","$33.00","$6.00","$1.95","$0.00","$0.00","$7.00","$515.77","$569.28","$5.05","$20.11","$22.40","$4.00","$0.00"
"Jul 23",10,"$55.18","$429.18","$34.66","$17.00","$9.19","$5.85","$0.00","$0.00","$21.00","$465.80","$551.81","$15.15","$19.00","$21.01","$25.00","$0.00"
"Jul 24",0,"$0.00","$0.00","$0.00","$0.00","$0.00","$0.00","$0.00","$0.00","$0.00","$0.00","$0.00","$0.00","$0.00","$0.00","$0.00","$0.00"
"Jul 25",4,"$43.50","$141.93","$11.71","$7.00","$0.00","$0.00","$0.00","$0.00","$0.00","$160.64","$173.99","$0.00","$6.25","$7.10","$0.00","$0.00"
"Jul 26",5,"$55.58","$229.85","$18.23","$18.00","$8.79","$0.00","$0.00","$0.00","$0.00","$257.29","$277.91","$0.00","$9.56","$11.06","$0.00","$0.00"
"Jul 27",4,"$50.40","$139.91","$11.54","$12.00","$0.00","$3.90","$0.00","$0.00","$14.00","$159.55","$201.60","$10.10","$7.05","$7.00","$14.00","$0.00"
"Jul 28",13,"$35.85","$366.74","$29.66","$25.00","$6.90","$1.95","$0.00","$0.00","$7.00","$412.55","$466.00","$5.05","$17.44","$18.01","$11.00","$0.00"
"Jul 29",10,"$53.48","$436.68","$35.86","$15.00","$1.99","$1.95","$0.00","$0.00","$7.00","$483.60","$534.84","$5.05","$18.50","$21.74","$4.00","$0.00"
"Jul 30",9,"$38.40","$285.75","$22.72","$21.00","$10.35","$0.00","$0.00","$0.00","$0.00","$319.12","$345.63","$0.00","$12.73","$13.78","$0.00","$0.00"
"Jul 31",0,"$0.00","$0.00","$0.00","$0.00","$0.00","$0.00","$0.00","$0.00","$0.00","$0.00","$0.00","$0.00","$0.00","$0.00","$0.00","$0.00"
"Aug 01",3,"$39.81","$98.90","$7.73","$9.00","$5.25","$0.00","$0.00","$0.00","$0.00","$110.38","$119.43","$0.00","$4.36","$4.69","$0.00","$0.00"
"Aug 02",2,"$40.53","$68.97","$5.69","$0.00","$0.00","$0.00","$0.00","$0.00","$0.00","$74.66","$81.06","$0.00","$2.95","$3.45","$0.00","$0.00"
"Aug 03",4,"$75.77","$227.86","$18.79","$18.00","$0.00","$1.95","$0.00","$0.00","$7.00","$262.70","$303.08","$5.05","$9.98","$11.40","$12.00","$0.00"
"Aug 04",7,"$31.37","$175.84","$14.51","$12.00","$0.00","$0.00","$0.00","$0.00","$0.00","$202.35","$219.62","$0.00","$8.47","$8.80","$0.00","$0.00"
"Aug 05",13,"$40.54","$427.71","$34.47","$24.55","$9.89","$1.95","$0.00","$0.00","$7.00","$474.89","$526.98","$5.05","$19.19","$20.90","$5.00","$0.00"
"Aug 06",11,"$54.00","$500.16","$39.41","$23.50","$22.49","$1.95","$0.00","$0.00","$7.00","$538.63","$594.05","$5.05","$20.53","$23.89","$4.00","$0.00"
"Aug 07",0,"$0.00","$0.00","$0.00","$0.00","$0.00","$0.00","$0.00","$0.00","$0.00","$0.00","$0.00","$0.00","$0.00","$0.00","$0.00","$0.00"
"Aug 08",1,"$27.00","$20.98","$1.73","$2.16","$0.00","$0.00","$0.00","$0.00","$0.00","$24.87","$27.00","$0.00","$1.08","$1.05","$0.00","$0.00"
"Aug 09",3,"$30.56","$60.94","$5.03","$2.00","$0.00","$3.90","$0.00","$0.00","$14.00","$64.07","$91.68","$10.10","$3.56","$3.05","$7.00","$0.00"
"Aug 10",6,"$45.34","$224.84","$18.01","$15.00","$6.45","$0.00","$0.00","$0.00","$0.00","$251.40","$272.02","$0.00","$9.69","$10.93","$0.00","$0.00"
"Aug 11",10,"$43.75","$342.76","$27.94","$29.00","$3.90","$1.95","$0.00","$0.00","$7.00","$393.85","$437.49","$5.05","$15.69","$16.95","$4.00","$0.00"
"Aug 12",10,"$37.16","$387.80","$32.01","$9.50","$0.00","$1.95","$0.00","$0.00","$7.00","$324.35","$371.63","$5.05","$16.88","$15.40","$8.00","$-107.01"
"Aug 13",11,"$45.94","$406.72","$32.53","$41.00","$12.59","$0.00","$0.00","$0.00","$0.00","$467.66","$505.35","$0.00","$17.97","$19.72","$0.00","$0.00"
"Aug 14",0,"$0.00","$0.00","$0.00","$0.00","$0.00","$0.00","$0.00","$0.00","$0.00","$0.00","$0.00","$0.00","$0.00","$0.00","$0.00","$0.00"
"Aug 15",4,"$39.83","$150.88","$12.45","$3.00","$0.00","$0.00","$0.00","$0.00","$0.00","$146.25","$159.33","$0.00","$6.43","$6.65","$0.00","$-20.98"
"Aug 16",2,"$60.59","$105.89","$7.94","$8.00","$9.59","$0.00","$0.00","$0.00","$0.00","$112.24","$121.18","$0.00","$4.12","$4.82","$0.00","$0.00"
"Aug 17",2,"$49.68","$74.96","$6.18","$11.00","$0.00","$0.00","$0.00","$0.00","$0.00","$92.14","$99.37","$0.00","$3.48","$3.75","$0.00","$0.00"
"Aug 18",9,"$34.90","$251.82","$20.50","$21.00","$3.45","$0.00","$0.00","$0.00","$0.00","$289.87","$314.12","$0.00","$11.82","$12.43","$0.00","$0.00"
"Aug 19",9,"$44.49","$319.70","$26.37","$13.00","$0.00","$1.95","$0.00","$0.00","$7.00","$357.12","$400.42","$5.05","$14.31","$15.99","$6.00","$0.00"
"Aug 20",4,"$69.66","$206.86","$16.41","$0.00","$7.99","$5.85","$0.00","$0.00","$21.00","$209.43","$278.66","$15.15","$9.28","$9.95","$29.00","$0.00"
"Aug 21",0,"$0.00","$0.00","$0.00","$0.00","$0.00","$0.00","$0.00","$0.00","$0.00","$0.00","$0.00","$0.00","$0.00","$0.00","$0.00","$0.00"
"Aug 22",2,"$26.39","$42.96","$3.54","$2.00","$0.00","$0.00","$0.00","$0.00","$0.00","$48.50","$52.78","$0.00","$2.13","$2.15","$0.00","$0.00"
"Aug 23",6,"$43.95","$212.87","$17.28","$3.00","$3.45","$1.95","$0.00","$0.00","$7.00","$227.75","$263.68","$5.05","$9.45","$10.48","$9.00","$0.00"
"Aug 24",4,"$39.60","$132.88","$10.53","$8.00","$5.19","$0.00","$0.00","$0.00","$0.00","$146.22","$158.41","$0.00","$5.80","$6.39","$0.00","$0.00"
"Aug 25",12,"$40.41","$385.62","$31.56","$12.00","$3.15","$3.90","$0.00","$0.00","$14.00","$422.13","$484.93","$10.10","$17.66","$19.14","$12.00","$0.00"
"Aug 26",12,"$66.08","$673.49","$54.23","$22.00","$16.24","$0.00","$0.00","$0.00","$0.00","$733.48","$792.96","$0.00","$26.60","$32.88","$0.00","$0.00"
"Aug 27",7,"$36.38","$213.81","$16.48","$19.00","$14.09","$0.00","$0.00","$0.00","$0.00","$235.20","$254.69","$0.00","$9.50","$9.99","$0.00","$0.00"
"Aug 28",0,"$0.00","$0.00","$0.00","$0.00","$0.00","$0.00","$0.00","$0.00","$0.00","$0.00","$0.00","$0.00","$0.00","$0.00","$0.00","$0.00"
"Aug 29",8,"$47.35","$311.84","$24.72","$26.00","$12.15","$0.00","$0.00","$0.00","$0.00","$350.41","$378.77","$0.00","$13.37","$14.99","$0.00","$0.00"
"Aug 30",7,"$32.74","$174.82","$13.80","$20.00","$7.64","$1.95","$0.00","$0.00","$7.00","$199.03","$229.15","$5.05","$8.75","$8.37","$6.00","$0.00"
"Aug 31",7,"$37.79","$202.87","$16.73","$15.00","$0.00","$1.95","$0.00","$0.00","$7.00","$232.65","$264.56","$5.05","$9.76","$10.15","$5.00","$0.00"
"Sep 01",8,"$37.57","$245.84","$20.28","$11.00","$0.00","$0.00","$0.00","$0.00","$0.00","$277.12","$300.54","$0.00","$11.12","$12.30","$0.00","$0.00"
"Sep 02",10,"$50.14","$402.71","$32.40","$27.00","$9.99","$1.95","$0.00","$0.00","$7.00","$450.17","$501.36","$5.05","$17.54","$19.65","$7.00","$0.00"
"Sep 03",10,"$36.58","$288.81","$23.54","$29.00","$3.45","$0.00","$0.00","$0.00","$0.00","$337.90","$365.80","$0.00","$13.62","$14.28","$0.00","$0.00"
"Sep 04",0,"$0.00","$0.00","$0.00","$0.00","$0.00","$0.00","$0.00","$0.00","$0.00","$0.00","$0.00","$0.00","$0.00","$0.00","$0.00","$0.00"
"Sep 05",6,"$53.38","$236.78","$19.54","$32.00","$0.00","$1.95","$0.00","$0.00","$7.00","$286.37","$320.31","$5.05","$11.09","$11.85","$4.00","$0.00"
"Sep 06",4,"$32.50","$90.93","$7.51","$10.00","$0.00","$1.95","$0.00","$0.00","$7.00","$106.49","$130.02","$5.05","$4.98","$4.55","$7.00","$0.00"
"Sep 07",6,"$53.99","$284.82","$21.61","$16.00","$22.79","$0.00","$0.00","$0.00","$0.00","$299.64","$323.94","$0.00","$11.19","$13.11","$0.00","$0.00"
"Sep 08",12,"$48.10","$462.61","$36.78","$19.16","$17.09","$5.85","$0.00","$0.00","$21.00","$495.61","$577.24","$15.15","$20.33","$22.30","$18.00","$0.00"
"Sep 09",11,"$52.14","$453.64","$36.68","$50.00","$9.00","$0.00","$0.00","$0.00","$0.00","$531.32","$573.49","$0.00","$19.93","$22.24","$0.00","$0.00"
"Sep 10",10,"$47.05","$394.55","$31.59","$8.00","$11.54","$1.95","$0.00","$0.00","$7.00","$420.65","$470.46","$5.05","$16.65","$19.16","$7.00","$0.00"
"Sep 11",0,"$0.00","$0.00","$0.00","$0.00","$0.00","$0.00","$0.00","$0.00","$0.00","$0.00","$0.00","$0.00","$0.00","$0.00","$0.00","$0.00"
"Sep 12",6,"$33.47","$160.86","$13.05","$4.00","$2.70","$1.95","$0.00","$0.00","$7.00","$173.26","$200.81","$5.05","$7.64","$7.91","$5.00","$0.00"
"Sep 13",3,"$32.28","$76.94","$6.35","$6.00","$0.00","$0.00","$0.00","$0.00","$0.00","$89.29","$96.85","$0.00","$3.71","$3.85","$0.00","$0.00"
"Sep 14",7,"$37.41","$206.78","$17.05","$18.00","$0.00","$0.00","$0.00","$0.00","$0.00","$241.83","$261.88","$0.00","$9.70","$10.35","$0.00","$0.00"
"Sep 15",13,"$36.72","$391.23","$31.30","$30.00","$11.92","$0.00","$0.00","$0.00","$0.00","$440.61","$477.32","$0.00","$17.74","$18.97","$0.00","$0.00"
"Sep 16",10,"$43.16","$341.77","$28.19","$19.00","$0.00","$1.95","$0.00","$0.00","$7.00","$387.01","$431.64","$5.05","$15.53","$17.10","$5.00","$0.00"
"Sep 17",8,"$36.20","$241.83","$19.14","$16.00","$9.75","$0.00","$0.00","$0.00","$0.00","$267.22","$289.63","$0.00","$10.80","$11.61","$0.00","$0.00"
"Sep 18",0,"$0.00","$0.00","$0.00","$0.00","$0.00","$0.00","$0.00","$0.00","$0.00","$0.00","$0.00","$0.00","$0.00","$0.00","$0.00","$0.00"
"Sep 19",8,"$44.51","$289.79","$22.89","$11.00","$12.33","$3.90","$0.00","$0.00","$14.00","$307.45","$356.06","$10.10","$12.73","$13.88","$8.00","$0.00"
"Sep 20",7,"$56.67","$339.77","$26.44","$15.00","$19.19","$1.95","$0.00","$0.00","$7.00","$360.07","$396.70","$5.05","$13.60","$16.03","$0.00","$0.00"
"Sep 21",4,"$47.01","$159.88","$12.48","$10.00","$8.55","$0.00","$0.00","$0.00","$0.00","$173.81","$188.03","$0.00","$6.65","$7.57","$0.00","$0.00"
"Sep 22",8,"$50.74","$330.79","$27.01","$6.00","$3.45","$1.95","$0.00","$0.00","$7.00","$358.40","$405.95","$5.05","$14.17","$16.38","$10.00","$0.00"
"Sep 23",11,"$45.74","$412.70","$33.30","$28.00","$9.00","$0.00","$0.00","$0.00","$0.00","$465.00","$503.10","$0.00","$17.90","$20.20","$0.00","$0.00"
"Sep 24",5,"$25.70","$100.89","$8.33","$9.00","$0.00","$0.00","$0.00","$0.00","$0.00","$118.22","$128.51","$0.00","$5.24","$5.05","$0.00","$0.00"
"Sep 25",0,"$0.00","$0.00","$0.00","$0.00","$0.00","$0.00","$0.00","$0.00","$0.00","$0.00","$0.00","$0.00","$0.00","$0.00","$0.00","$0.00"
"Sep 26",5,"$48.97","$175.83","$14.51","$8.00","$0.00","$3.90","$0.00","$0.00","$14.00","$194.44","$244.84","$10.10","$8.60","$8.80","$19.00","$0.00"
"Sep 27",7,"$33.40","$176.85","$14.36","$14.79","$2.85","$1.95","$0.00","$0.00","$7.00","$201.20","$233.78","$5.05","$8.87","$8.71","$8.00","$0.00"
"Sep 28",7,"$38.12","$204.83","$16.90","$16.00","$0.00","$1.95","$0.00","$0.00","$7.00","$235.78","$266.87","$5.05","$9.84","$10.25","$4.00","$0.00"
"Sep 29",11,"$34.47","$326.71","$25.81","$22.00","$13.79","$1.95","$0.00","$0.00","$7.00","$339.51","$379.20","$5.05","$14.89","$14.80","$3.00","$-20.12"
"Sep 30",10,"$41.10","$322.80","$26.00","$22.00","$7.55","$1.95","$0.00","$0.00","$7.00","$361.30","$410.99","$5.05","$14.92","$15.77","$12.00","$0.00"
"Oct 01",6,"$40.30","$221.82","$16.60","$5.00","$20.53","$0.00","$0.00","$0.00","$0.00","$222.89","$241.79","$0.00","$8.83","$10.07","$0.00","$0.00"
"Oct 02",0,"$0.00","$0.00","$0.00","$0.00","$0.00","$0.00","$0.00","$0.00","$0.00","$0.00","$0.00","$0.00","$0.00","$0.00","$0.00","$0.00"
"Oct 03",5,"$37.43","$153.85","$12.70","$6.00","$0.00","$0.00","$0.00","$0.00","$0.00","$172.55","$187.17","$0.00","$6.92","$7.70","$0.00","$0.00"
"Oct 04",3,"$56.78","$121.91","$9.65","$22.00","$4.95","$1.95","$0.00","$0.00","$7.00","$146.66","$170.35","$5.05","$5.84","$5.85","$5.00","$0.00"
"Oct 05",4,"$47.79","$150.85","$12.12","$18.00","$3.90","$0.00","$0.00","$0.00","$0.00","$177.07","$191.15","$0.00","$6.73","$7.35","$0.00","$0.00"
"Oct 06",13,"$51.23","$554.64","$44.42","$33.00","$16.29","$0.00","$0.00","$0.00","$0.00","$615.77","$665.93","$0.00","$23.23","$26.93","$0.00","$0.00"
"Oct 07",10,"$32.59","$245.23","$19.75","$10.00","$5.69","$5.85","$0.00","$0.00","$21.00","$263.44","$325.87","$15.15","$12.45","$11.98","$17.00","$0.00"
"Oct 08",5,"$50.77","$212.86","$17.26","$8.00","$3.60","$0.00","$0.00","$0.00","$0.00","$234.52","$253.85","$0.00","$8.86","$10.47","$0.00","$0.00"
"Oct 09",0,"$0.00","$0.00","$0.00","$0.00","$0.00","$0.00","$0.00","$0.00","$0.00","$0.00","$0.00","$0.00","$0.00","$0.00","$0.00","$0.00"
"Oct 10",2,"$60.75","$77.95","$6.43","$6.00","$0.00","$3.90","$0.00","$0.00","$14.00","$86.48","$121.50","$10.10","$4.12","$3.90","$13.00","$0.00"
"Oct 11",4,"$32.55","$107.91","$8.90","$3.00","$0.00","$0.00","$0.00","$0.00","$0.00","$119.81","$130.19","$0.00","$4.98","$5.40","$0.00","$0.00"
"Oct 12",2,"$68.70","$126.92","$9.38","$4.00","$13.19","$0.00","$0.00","$0.00","$0.00","$127.11","$137.39","$0.00","$4.59","$5.69","$0.00","$0.00"
"Oct 13",5,"$38.71","$162.86","$13.44","$2.00","$0.00","$0.00","$0.00","$0.00","$0.00","$178.30","$193.57","$0.00","$7.12","$8.15","$0.00","$0.00"
"Oct 14",9,"$56.35","$402.75","$32.62","$21.00","$7.50","$3.90","$0.00","$0.00","$14.00","$444.97","$507.14","$10.10","$17.40","$19.77","$11.00","$0.00"
"Oct 15",7,"$48.08","$288.82","$22.49","$16.00","$16.23","$0.00","$0.00","$0.00","$0.00","$311.08","$336.58","$0.00","$11.86","$13.64","$0.00","$0.00"
"Oct 16",0,"$0.00","$0.00","$0.00","$0.00","$0.00","$0.00","$0.00","$0.00","$0.00","$0.00","$0.00","$0.00","$0.00","$0.00","$0.00","$0.00"
"Oct 17",2,"$21.03","$37.97","$2.78","$2.00","$4.20","$0.00","$0.00","$0.00","$0.00","$38.55","$42.06","$0.00","$1.82","$1.69","$0.00","$0.00"
"Oct 18",3,"$22.63","$58.96","$4.59","$2.00","$3.30","$0.00","$0.00","$0.00","$0.00","$62.25","$67.90","$0.00","$2.87","$2.78","$0.00","$0.00"
"Oct 19",3,"$42.56","$106.91","$8.81","$2.00","$0.00","$0.00","$0.00","$0.00","$0.00","$117.72","$127.67","$0.00","$4.60","$5.35","$0.00","$0.00"
"Oct 20",9,"$41.18","$299.26","$24.34","$23.00","$4.20","$0.00","$0.00","$0.00","$0.00","$342.40","$370.61","$0.00","$13.45","$14.76","$0.00","$0.00"
"Oct 21",7,"$52.60","$299.69","$24.72","$16.00","$0.00","$0.00","$0.00","$0.00","$0.00","$340.41","$368.19","$0.00","$12.78","$15.00","$0.00","$0.00"
"Oct 22",4,"$39.22","$129.91","$10.72","$4.00","$0.00","$0.00","$0.00","$0.00","$0.00","$144.63","$156.88","$0.00","$5.75","$6.50","$0.00","$0.00"
"Oct 23",0,"$0.00","$0.00","$0.00","$0.00","$0.00","$0.00","$0.00","$0.00","$0.00","$0.00","$0.00","$0.00","$0.00","$0.00","$0.00","$0.00"
"Oct 24",4,"$46.99","$155.86","$12.63","$8.00","$2.85","$0.00","$0.00","$0.00","$0.00","$173.64","$187.95","$0.00","$6.65","$7.66","$0.00","$0.00"
"Oct 25",5,"$46.49","$174.90","$14.44","$11.00","$0.00","$3.90","$0.00","$0.00","$14.00","$196.44","$232.44","$10.10","$8.25","$8.75","$5.00","$0.00"
"Oct 26",6,"$50.51","$232.84","$19.05","$19.00","$1.99","$1.95","$0.00","$0.00","$7.00","$266.95","$303.08","$5.05","$10.58","$11.55","$7.00","$0.00"
"Oct 27",4,"$26.98","$91.95","$7.33","$3.00","$3.15","$0.00","$0.00","$0.00","$0.00","$99.13","$107.90","$0.00","$4.33","$4.44","$0.00","$0.00"
"Oct 28",6,"$37.38","$160.38","$12.88","$14.00","$4.20","$3.90","$0.00","$0.00","$14.00","$179.16","$224.28","$10.10","$8.31","$7.81","$15.00","$0.00"
"Oct 29",6,"$67.52","$314.73","$25.97","$9.00","$0.00","$7.80","$0.00","$0.00","$28.00","$341.90","$405.15","$20.20","$13.55","$15.70","$6.00","$0.00"
"Oct 30",0,"$0.00","$0.00","$0.00","$0.00","$0.00","$0.00","$0.00","$0.00","$0.00","$0.00","$0.00","$0.00","$0.00","$0.00","$0.00","$0.00"
"Oct 31",6,"$38.56","$195.83","$15.57","$0.00","$7.05","$1.95","$0.00","$0.00","$7.00","$202.40","$231.36","$5.05","$8.52","$9.44","$4.00","$0.00"
"Nov 01",7,"$33.50","$213.85","$17.65","$12.00","$0.00","$1.95","$0.00","$0.00","$7.00","$208.17","$234.53","$5.05","$9.91","$9.45","$0.00","$-34.63"
"Nov 02",1,"$50.44","$42.98","$3.55","$0.00","$0.00","$0.00","$0.00","$0.00","$0.00","$46.53","$50.44","$0.00","$1.76","$2.15","$0.00","$0.00"
"Nov 03",8,"$36.54","$228.80","$18.89","$11.29","$0.00","$1.95","$0.00","$0.00","$7.00","$257.03","$292.36","$5.05","$10.88","$11.45","$6.00","$0.00"
"Nov 04",14,"$45.97","$546.96","$45.13","$36.00","$0.00","$3.90","$0.00","$0.00","$14.00","$575.02","$643.62","$10.10","$24.35","$25.25","$5.00","$-51.28"
"Nov 05",8,"$43.64","$270.71","$22.33","$17.00","$0.00","$1.95","$0.00","$0.00","$7.00","$308.09","$349.16","$5.05","$12.52","$13.55","$8.00","$0.00"
"Nov 06",0,"$0.00","$0.00","$0.00","$0.00","$0.00","$0.00","$0.00","$0.00","$0.00","$0.00","$0.00","$0.00","$0.00","$0.00","$0.00","$0.00"
"Nov 07",2,"$38.64","$63.96","$5.27","$2.00","$0.00","$0.00","$0.00","$0.00","$0.00","$71.23","$77.27","$0.00","$2.84","$3.20","$0.00","$0.00"
"Nov 08",1,"$37.18","$28.96","$2.39","$3.00","$0.00","$0.00","$0.00","$0.00","$0.00","$34.35","$37.18","$0.00","$1.38","$1.45","$0.00","$0.00"
"Nov 09",8,"$41.68","$280.77","$22.39","$14.00","$9.40","$0.00","$0.00","$0.00","$0.00","$307.76","$333.42","$0.00","$12.08","$13.58","$0.00","$0.00"
"Nov 10",13,"$43.84","$457.67","$37.47","$25.00","$3.45","$1.95","$0.00","$0.00","$7.00","$514.74","$569.89","$5.05","$20.42","$22.73","$5.00","$0.00"
"Nov 11",8,"$45.79","$305.80","$25.22","$7.00","$0.00","$0.00","$0.00","$0.00","$0.00","$338.02","$366.35","$0.00","$13.03","$15.30","$0.00","$0.00"
"Nov 12",7,"$51.47","$278.78","$22.34","$25.00","$7.99","$1.95","$0.00","$0.00","$7.00","$316.18","$360.29","$5.05","$12.56","$13.55","$11.00","$0.00"
"Nov 13",0,"$0.00","$0.00","$0.00","$0.00","$0.00","$0.00","$0.00","$0.00","$0.00","$0.00","$0.00","$0.00","$0.00","$0.00","$0.00","$0.00"
"Nov 14",3,"$46.14","$109.92","$9.07","$9.00","$0.00","$0.00","$0.00","$0.00","$0.00","$127.99","$138.41","$0.00","$4.92","$5.50","$0.00","$0.00"
"Nov 15",3,"$46.00","$122.93","$9.70","$0.00","$5.40","$0.00","$0.00","$0.00","$0.00","$127.23","$138.01","$0.00","$4.90","$5.88","$0.00","$0.00"
"Nov 16",1,"$25.95","$21.99","$1.81","$0.00","$0.00","$0.00","$0.00","$0.00","$0.00","$23.80","$25.95","$0.00","$1.05","$1.10","$0.00","$0.00"
"Nov 17",10,"$49.35","$395.71","$32.63","$28.00","$0.00","$0.00","$0.00","$0.00","$0.00","$456.34","$493.46","$0.00","$17.32","$19.80","$0.00","$0.00"
"Nov 18",5,"$39.29","$152.89","$12.62","$16.11","$0.00","$0.00","$0.00","$0.00","$0.00","$181.62","$196.47","$0.00","$7.20","$7.65","$0.00","$0.00"
"Nov 19",5,"$48.22","$208.88","$16.65","$4.00","$7.05","$0.00","$0.00","$0.00","$0.00","$222.48","$241.08","$0.00","$8.50","$10.10","$0.00","$0.00"
"Nov 20",0,"$0.00","$0.00","$0.00","$0.00","$0.00","$0.00","$0.00","$0.00","$0.00","$0.00","$0.00","$0.00","$0.00","$0.00","$0.00","$0.00"
"Nov 21",6,"$40.95","$200.81","$16.57","$14.60","$0.00","$0.00","$0.00","$0.00","$0.00","$226.98","$245.71","$0.00","$8.93","$9.80","$0.00","$0.00"
"Nov 22",6,"$56.78","$249.82","$20.61","$33.00","$0.00","$1.95","$0.00","$0.00","$7.00","$301.48","$340.66","$5.05","$11.68","$12.50","$8.00","$0.00"
"Nov 23",0,"$0.00","$0.00","$0.00","$0.00","$0.00","$0.00","$0.00","$0.00","$0.00","$0.00","$0.00","$0.00","$0.00","$0.00","$0.00","$0.00"
"Nov 24",7,"$54.03","$320.80","$25.94","$0.90","$6.30","$1.95","$0.00","$0.00","$7.00","$339.39","$378.19","$5.05","$13.07","$15.73","$3.00","$0.00"
"Nov 25",10,"$53.58","$427.63","$35.29","$33.00","$0.00","$0.00","$0.00","$0.00","$0.00","$495.92","$535.84","$0.00","$18.53","$21.39","$0.00","$0.00"
"Nov 26",7,"$39.89","$228.74","$18.86","$10.00","$0.00","$0.00","$0.00","$0.00","$0.00","$257.60","$279.24","$0.00","$10.20","$11.44","$0.00","$0.00"
"Nov 27",0,"$0.00","$0.00","$0.00","$0.00","$0.00","$0.00","$0.00","$0.00","$0.00","$0.00","$0.00","$0.00","$0.00","$0.00","$0.00","$0.00"
"Nov 28",2,"$25.16","$39.97","$3.29","$3.00","$0.00","$0.00","$0.00","$0.00","$0.00","$46.26","$50.32","$0.00","$2.06","$2.00","$0.00","$0.00"
"Nov 29",1,"$72.58","$61.97","$5.11","$0.00","$0.00","$0.00","$0.00","$0.00","$0.00","$67.08","$72.58","$0.00","$2.40","$3.10","$0.00","$0.00"
"Nov 30",5,"$59.91","$228.88","$18.60","$24.00","$3.45","$1.95","$0.00","$0.00","$7.00","$266.08","$299.55","$5.05","$10.19","$11.28","$5.00","$0.00"
"Dec 01",7,"$72.14","$383.69","$31.04","$33.00","$7.39","$3.90","$0.00","$0.00","$14.00","$436.44","$505.01","$10.10","$16.75","$18.82","$19.00","$0.00"
"Dec 02",9,"$51.12","$380.24","$29.80","$21.00","$19.18","$3.90","$0.00","$0.00","$14.00","$407.96","$460.05","$10.10","$16.03","$18.06","$4.00","$0.00"
"Dec 03",7,"$27.76","$155.90","$12.86","$10.00","$0.00","$0.00","$0.00","$0.00","$0.00","$178.76","$194.30","$0.00","$7.74","$7.80","$0.00","$0.00"
"Dec 04",0,"$0.00","$0.00","$0.00","$0.00","$0.00","$0.00","$0.00","$0.00","$0.00","$0.00","$0.00","$0.00","$0.00","$0.00","$0.00","$0.00"
"Dec 05",4,"$56.71","$163.36","$13.48","$21.00","$0.00","$1.95","$0.00","$0.00","$7.00","$195.89","$226.84","$5.05","$7.78","$8.17","$8.00","$0.00"
"Dec 06",5,"$59.93","$219.33","$18.09","$27.00","$0.00","$1.95","$0.00","$0.00","$7.00","$262.47","$299.63","$5.05","$10.19","$10.97","$9.00","$0.00"
"Dec 07",4,"$55.85","$176.37","$14.54","$16.00","$0.00","$0.00","$0.00","$0.00","$0.00","$206.91","$223.40","$0.00","$7.67","$8.82","$0.00","$0.00"
"Dec 08",8,"$42.68","$273.80","$22.60","$10.00","$0.00","$1.95","$0.00","$0.00","$7.00","$304.45","$341.46","$5.05","$12.31","$13.70","$4.00","$0.00"
"Dec 09",12,"$57.69","$540.62","$44.42","$34.10","$2.50","$3.90","$0.00","$0.00","$14.00","$612.74","$692.33","$10.10","$23.67","$26.92","$15.00","$0.00"
"Dec 10",8,"$41.50","$275.75","$22.28","$14.00","$5.55","$0.00","$0.00","$0.00","$0.00","$306.48","$332.03","$0.00","$12.03","$13.52","$0.00","$0.00"
"Dec 11",0,"$0.00","$0.00","$0.00","$0.00","$0.00","$0.00","$0.00","$0.00","$0.00","$0.00","$0.00","$0.00","$0.00","$0.00","$0.00","$0.00"
"Dec 12",3,"$44.48","$108.94","$8.99","$5.29","$0.00","$0.00","$0.00","$0.00","$0.00","$123.22","$133.43","$0.00","$4.76","$5.45","$0.00","$0.00"
"Dec 13",7,"$50.90","$279.79","$23.09","$27.00","$0.00","$0.00","$0.00","$0.00","$0.00","$329.88","$356.30","$0.00","$12.43","$13.99","$0.00","$0.00"
"Dec 14",3,"$69.07","$153.87","$12.69","$2.00","$0.00","$1.95","$0.00","$0.00","$7.00","$166.61","$207.22","$5.05","$6.91","$7.70","$19.00","$0.00"
"Dec 15",10,"$51.65","$405.67","$32.81","$32.00","$7.99","$3.90","$0.00","$0.00","$14.00","$458.59","$516.47","$10.10","$17.98","$19.90","$6.00","$0.00"
"Dec 16",6,"$35.59","$162.89","$13.44","$14.00","$0.00","$1.95","$0.00","$0.00","$7.00","$188.38","$213.52","$5.05","$7.99","$8.15","$2.00","$0.00"
"Dec 17",7,"$49.18","$270.29","$22.30","$9.00","$0.00","$3.90","$0.00","$0.00","$14.00","$297.69","$344.29","$10.10","$12.08","$13.52","$7.00","$0.00"
"Dec 18",0,"$0.00","$0.00","$0.00","$0.00","$0.00","$0.00","$0.00","$0.00","$0.00","$0.00","$0.00","$0.00","$0.00","$0.00","$0.00","$0.00"
"Dec 19",4,"$49.17","$157.86","$13.02","$11.00","$0.00","$0.00","$0.00","$0.00","$0.00","$181.88","$196.69","$0.00","$6.91","$7.90","$0.00","$0.00"
"Dec 20",5,"$54.82","$208.88","$17.23","$4.00","$0.00","$3.90","$0.00","$0.00","$14.00","$226.21","$274.11","$10.10","$9.45","$10.45","$14.00","$0.00"
"Dec 21",3,"$57.47","$116.91","$9.65","$12.00","$0.00","$3.90","$0.00","$0.00","$14.00","$134.66","$172.41","$10.10","$5.90","$5.85","$12.00","$0.00"
"Dec 22",7,"$72.35","$423.81","$34.66","$2.00","$3.60","$1.95","$0.00","$0.00","$7.00","$454.92","$506.42","$5.05","$16.78","$20.72","$7.00","$0.00"
"Dec 23",10,"$59.18","$457.67","$37.76","$45.00","$0.00","$1.95","$0.00","$0.00","$7.00","$538.48","$591.80","$5.05","$20.17","$22.15","$4.00","$0.00"
"Dec 24",5,"$48.14","$198.85","$16.41","$7.00","$0.00","$0.00","$0.00","$0.00","$0.00","$222.26","$240.69","$0.00","$8.48","$9.95","$0.00","$0.00"
"Dec 25",9,"$43.57","$285.77","$23.09","$31.00","$6.00","$5.85","$0.00","$0.00","$21.00","$328.01","$392.09","$15.15","$14.08","$14.00","$15.00","$0.00"
"Dec 26",7,"$58.09","$315.77","$26.05","$16.00","$0.00","$3.90","$0.00","$0.00","$14.00","$353.92","$406.62","$10.10","$13.90","$15.80","$9.00","$0.00"
"Dec 27",9,"$43.25","$305.76","$25.22","$29.00","$0.00","$0.00","$0.00","$0.00","$0.00","$359.98","$389.26","$0.00","$13.98","$15.30","$0.00","$0.00"
"Dec 28",6,"$49.98","$252.84","$20.87","$3.00","$0.00","$0.00","$0.00","$0.00","$0.00","$276.71","$299.87","$0.00","$10.51","$12.65","$0.00","$0.00"
"Dec 29",11,"$79.41","$706.56","$57.47","$55.99","$9.98","$1.95","$0.00","$0.00","$7.00","$808.09","$873.53","$5.05","$28.64","$24.80","$5.00","$0.00"
"Dec 30",11,"$57.62","$528.12","$43.57","$14.00","$0.00","$0.00","$0.00","$0.00","$0.00","$585.69","$633.79","$0.00","$21.68","$26.42","$0.00","$0.00"
"Dec 31",8,"$38.36","$231.78","$19.14","$24.00","$0.00","$1.95","$0.00","$0.00","$7.00","$272.97","$306.88","$5.05","$11.31","$11.60","$4.00","$0.00"